{"stats":{"minecraft:crafted":{"minecraft:iron_boots":1,"minecraft:stick":4,"minecraft:iron_pickaxe":1,"minecraft:iron_helmet":1,"minecraft:iron_sword":1,"minecraft:torch":4,"minecraft:bread":45,"minecraft:wheat":135},"minecraft:used":{"minecraft:apple":3,"minecraft:waxed_cut_copper":1,"minecraft:bread":8,"minecraft:iron_pickaxe":21,"minecraft:iron_sword":138,"minecraft:waxed_copper_block":2,"minecraft:torch":1,"minecraft:pumpkin_pie":2,"minecraft:calcite":7,"minecraft:iron_leggings":1},"minecraft:killed_by":{"minecraft:husk":1},"minecraft:killed":{"minecraft:skeleton":1,"minecraft:husk":16},"minecraft:mined":{"minecraft:waxed_cut_copper":2,"minecraft:dark_oak_planks":2,"minecraft:hay_block":15,"minecraft:yellow_wall_banner":1,"minecraft:dark_oak_trapdoor":1,"minecraft:waxed_copper_block":3,"minecraft:bookshelf":4,"minecraft:calcite":12,"minecraft:cyan_carpet":1,"minecraft:cyan_bed":1,"minecraft:cake":1,"minecraft:spawner":3},"minecraft:picked_up":{"minecraft:leather_chestplate":1,"minecraft:torch":3,"minecraft:potion":1,"minecraft:mushroom_stew":3,"minecraft:waxed_copper_block":3,"minecraft:cyan_bed":1,"minecraft:dark_oak_planks":2,"minecraft:yellow_banner":2,"minecraft:iron_leggings":1,"minecraft:item_frame":2,"minecraft:bone":2,"minecraft:cyan_carpet":1,"minecraft:rotten_flesh":23,"minecraft:apple":15,"minecraft:pumpkin_pie":2,"minecraft:iron_helmet":1,"minecraft:hay_block":15,"minecraft:iron_ingot":1,"minecraft:glistering_melon_slice":3,"minecraft:calcite":16,"minecraft:bread":42,"minecraft:iron_pickaxe":1,"minecraft:bamboo":5,"minecraft:waxed_cut_copper":2,"minecraft:iron_sword":1,"minecraft:coal":6,"minecraft:book":24,"minecraft:iron_boots":1},"minecraft:custom":{"minecraft:time_since_rest":8629,"minecraft:interact_with_smithing_table":2,"minecraft:interact_with_furnace":3,"minecraft:sprint_one_cm":28197,"minecraft:damage_taken":842,"minecraft:walk_one_cm":73470,"minecraft:mob_kills":17,"minecraft:damage_dealt":6078,"minecraft:interact_with_crafting_table":5,"minecraft:fly_one_cm":9852,"minecraft:open_barrel":9,"minecraft:play_time":20490,"minecraft:open_chest":3,"minecraft:interact_with_loom":1,"minecraft:crouch_one_cm":2203,"minecraft:deaths":1,"minecraft:sneak_time":1283,"minecraft:jump":85,"minecraft:interact_with_blast_furnace":6,"minecraft:leave_game":2,"minecraft:time_since_death":8602,"minecraft:total_world_time":20490,"minecraft:climb_one_cm":552,"minecraft:fall_one_cm":676}},"DataVersion":3465}